	profile_id_x	other_profile_id_x	score
29	0.0	94.0	0.9242897948335989
140	0.0	9.0	0.8467197339934251
350	0.0	29.0	0.7906838726788827
403	0.0	60.0	0.7779716947179574
957	0.0	36.0	0.7069341288952106
1127	0.0	67.0	0.6923694683620809
1234	0.0	33.0	0.6848564913702444
1281	0.0	89.0	0.6810583106621104
1367	0.0	71.0	0.6743812083254783
1412	0.0	27.0	0.6705717931422877
24	1.0	3.0	0.9299529396072919
300	1.0	61.0	0.8029309147945355
507	1.0	93.0	0.75722121086876
555	1.0	94.0	0.7495449177540023
647	1.0	86.0	0.7392778651324629
755	1.0	80.0	0.7268210164390716
829	1.0	58.0	0.7191766895966777
831	1.0	40.0	0.7189214303974678
866	1.0	14.0	0.7145792610774949
1044	1.0	24.0	0.6988278069049572
251	2.0	70.0	0.8124569336643849
303	2.0	46.0	0.8021770486095725
328	2.0	93.0	0.7964043581623371
377	2.0	79.0	0.7838813390677131
429	2.0	55.0	0.7731090815259926
549	2.0	97.0	0.7502912853858686
552	2.0	26.0	0.7497339171821691
750	2.0	96.0	0.72751438366369
1138	2.0	83.0	0.6910584478343345
1166	2.0	15.0	0.6898734088217972
23	3.0	69.0	0.9326489573126613
25	3.0	1.0	0.9299529396072919
103	3.0	41.0	0.8743999561947972
175	3.0	88.0	0.8374887903690593
223	3.0	18.0	0.8218798998267868
233	3.0	99.0	0.8170179002363467
260	3.0	9.0	0.8088191488522375
309	3.0	79.0	0.8015163490586407
330	3.0	62.0	0.7959111939064172
492	3.0	37.0	0.7599582150574967
64	4.0	75.0	0.8935166344489344
156	4.0	34.0	0.8417363469547725
314	4.0	89.0	0.7989606451946238
458	4.0	48.0	0.7677629457476994
473	4.0	50.0	0.7652254077382643
479	4.0	69.0	0.7647422965664412
617	4.0	91.0	0.7419498411100104
669	4.0	88.0	0.7370529891352245
696	4.0	8.0	0.7346568567481728
777	4.0	22.0	0.7249448712600198
63	5.0	35.0	0.8948031698803783
89	5.0	82.0	0.8830470320338498
97	5.0	27.0	0.8759645284235443
127	5.0	94.0	0.8551360629294091
219	5.0	98.0	0.8222646614577812
238	5.0	18.0	0.8151446651271499
369	5.0	50.0	0.7867716821937663
421	5.0	80.0	0.7748741986915413
422	5.0	78.0	0.7737137904691405
576	5.0	7.0	0.7467194119344875
277	6.0	33.0	0.8066840666014604
293	6.0	31.0	0.8041768018570298
345	6.0	43.0	0.7922164864751209
494	6.0	63.0	0.7599377723242812
652	6.0	91.0	0.7387910814433191
694	6.0	98.0	0.7349401678245501
753	6.0	81.0	0.7269186097365189
1046	6.0	25.0	0.6986917687878423
1216	6.0	37.0	0.6868635237964208
1283	6.0	84.0	0.6806494652527124
144	7.0	25.0	0.8462167914549715
278	7.0	89.0	0.8055697387582739
298	7.0	24.0	0.8037076636592789
364	7.0	64.0	0.7884879359304959
577	7.0	5.0	0.7467194119344875
595	7.0	28.0	0.74357240630692
598	7.0	10.0	0.7434754047672636
627	7.0	61.0	0.7408601308797761
666	7.0	51.0	0.7374508522329707
673	7.0	34.0	0.7368631646569626
16	8.0	47.0	0.9459684517897605
71	8.0	73.0	0.890026010326287
178	8.0	37.0	0.8369194012056577
271	8.0	31.0	0.8073060130638128
358	8.0	50.0	0.7897006750634069
464	8.0	90.0	0.7666295155628333
697	8.0	4.0	0.7346568567481728
769	8.0	65.0	0.7252175278489593
965	8.0	3.0	0.7062118880076177
989	8.0	20.0	0.7042890430737311
141	9.0	0.0	0.8467197339934251
153	9.0	89.0	0.8436270177073831
258	9.0	52.0	0.8094828473949354
261	9.0	3.0	0.8088191488522375
513	9.0	43.0	0.7563775937111823
607	9.0	10.0	0.7423033501681906
661	9.0	76.0	0.7381555957060315
817	9.0	75.0	0.7200742431835627
848	9.0	65.0	0.7175595556340807
972	9.0	34.0	0.7058560743447337
45	10.0	86.0	0.9133765573361862
123	10.0	15.0	0.8598136742299157
163	10.0	48.0	0.8402087602828942
189	10.0	18.0	0.8305579942128397
201	10.0	94.0	0.8284986692958832
205	10.0	62.0	0.8272651018714186
226	10.0	50.0	0.820031915864898
252	10.0	34.0	0.8124516192469473
519	10.0	96.0	0.7558600933578097
543	10.0	3.0	0.7513478892648612
114	11.0	73.0	0.8670154643465097
290	11.0	18.0	0.8045358677129665
404	11.0	45.0	0.7776787024869327
693	11.0	46.0	0.7349440355985549
720	11.0	13.0	0.7312634369184169
823	11.0	88.0	0.7197425946416888
1072	11.0	16.0	0.6969396943006382
1145	11.0	8.0	0.6907233122734836
1295	11.0	32.0	0.6799094234459571
1355	11.0	85.0	0.6751660765670374
11	12.0	76.0	0.9586708577660839
27	12.0	40.0	0.9271647153220987
453	12.0	93.0	0.7685337596242505
637	12.0	48.0	0.740190023431591
741	12.0	98.0	0.7287736351902203
888	12.0	50.0	0.7126288314555763
993	12.0	58.0	0.7041535670137113
1116	12.0	75.0	0.6927978500208621
1135	12.0	35.0	0.6911685759645165
1298	12.0	86.0	0.6797673341902918
52	13.0	17.0	0.9034603486062681
338	13.0	95.0	0.7934130874275629
357	13.0	29.0	0.7899477962299862
360	13.0	42.0	0.7896598998092179
372	13.0	14.0	0.7853555641832032
413	13.0	77.0	0.7760361937489728
474	13.0	27.0	0.7652068306801469
522	13.0	22.0	0.7550354524324265
537	13.0	65.0	0.7522513749655212
602	13.0	23.0	0.7431227866265058
33	14.0	85.0	0.9236073762030211
165	14.0	75.0	0.8399773450580329
228	14.0	84.0	0.819408869334576
242	14.0	51.0	0.8139152001901714
246	14.0	41.0	0.8132569532950171
265	14.0	61.0	0.8076945683438422
373	14.0	13.0	0.7853555641832032
482	14.0	15.0	0.7621558927341641
496	14.0	32.0	0.7599308422375304
592	14.0	31.0	0.7439407741275614
122	15.0	10.0	0.8598136742299157
418	15.0	22.0	0.7756234007054864
435	15.0	70.0	0.7723747614337136
483	15.0	14.0	0.7621558927341641
678	15.0	51.0	0.7359367491965292
706	15.0	32.0	0.7326741034545314
941	15.0	31.0	0.7083643749447791
1051	15.0	16.0	0.698436179410098
1125	15.0	47.0	0.6924136616442761
1167	15.0	2.0	0.6898734088217972
53	17.0	13.0	0.9034603486062681
327	17.0	23.0	0.7966578065124427
676	17.0	73.0	0.7360966575312551
745	17.0	88.0	0.7281592695813064
910	17.0	31.0	0.7107579087997719
916	17.0	57.0	0.7104943705345071
937	17.0	43.0	0.7086022378831095
938	17.0	33.0	0.7085644899771335
1038	17.0	51.0	0.6993087289635264
1048	17.0	14.0	0.6985750411795266
55	16.0	23.0	0.9033625701423283
210	16.0	99.0	0.8244972588707434
236	16.0	80.0	0.8152803531891337
282	16.0	28.0	0.8050349069045494
450	16.0	71.0	0.7691009782722101
654	16.0	3.0	0.738376637900671
711	16.0	62.0	0.7320760692218419
890	16.0	56.0	0.7125398017529606
908	16.0	39.0	0.7107770058139768
920	16.0	95.0	0.710353476956233
199	19.0	74.0	0.8286561208706444
267	19.0	57.0	0.8076453609688151
392	19.0	18.0	0.7804566433403066
469	19.0	65.0	0.7660973750691239
640	19.0	79.0	0.7399335095131512
1192	19.0	45.0	0.6885425855911556
1211	19.0	46.0	0.6872275931063495
1380	19.0	42.0	0.673393979265798
1394	19.0	37.0	0.6726822053948062
1511	19.0	69.0	0.6634840653461541
37	18.0	89.0	0.9209489405434633
160	18.0	27.0	0.8403984936088864
188	18.0	10.0	0.8305579942128397
222	18.0	3.0	0.8218798998267868
239	18.0	5.0	0.8151446651271499
291	18.0	11.0	0.8045358677129665
304	18.0	26.0	0.8021563701494152
332	18.0	94.0	0.7952714672458692
347	18.0	83.0	0.7916436013057415
393	18.0	19.0	0.7804566433403066
281	21.0	87.0	0.8054766980819221
463	21.0	50.0	0.7670674151869713
622	21.0	23.0	0.7415991523991249
681	21.0	76.0	0.7357691261201339
689	21.0	24.0	0.7350451440462241
757	21.0	79.0	0.726785570911757
932	21.0	27.0	0.7096032246667381
948	21.0	84.0	0.7076125079177408
981	21.0	80.0	0.7050106909298282
1025	21.0	13.0	0.7009288363203187
48	20.0	99.0	0.9081407825832277
131	20.0	28.0	0.8536674923032467
316	20.0	72.0	0.7986706325298755
456	20.0	71.0	0.7678756814096849
760	20.0	26.0	0.7261304831151316
988	20.0	8.0	0.7042890430737311
1059	20.0	61.0	0.6979116558893064
1438	20.0	64.0	0.6691451954300103
1459	20.0	14.0	0.6673316659149278
1522	20.0	94.0	0.6625336813186523
18	23.0	95.0	0.9430621786631671
54	23.0	16.0	0.9033625701423283
142	23.0	64.0	0.846319351459912
326	23.0	17.0	0.7966578065124427
431	23.0	27.0	0.7729393883503338
575	23.0	86.0	0.7470952583535854
603	23.0	13.0	0.7431227866265058
613	23.0	69.0	0.7420261148110898
615	23.0	75.0	0.7419702753564207
623	23.0	21.0	0.7415991523991249
5	22.0	40.0	0.9638688858648293
90	22.0	71.0	0.8824883621041614
190	22.0	50.0	0.830457531342083
241	22.0	64.0	0.8147251700398976
419	22.0	15.0	0.7756234007054864
523	22.0	13.0	0.7550354524324265
556	22.0	80.0	0.7485326138401623
776	22.0	4.0	0.7249448712600198
812	22.0	74.0	0.7206108645319002
892	22.0	52.0	0.7125384212840952
145	25.0	7.0	0.8462167914549715
206	25.0	43.0	0.8269512170782886
289	25.0	99.0	0.8048316020650871
521	25.0	69.0	0.7557543900080846
527	25.0	37.0	0.7545028002098306
551	25.0	53.0	0.7497491066488944
610	25.0	60.0	0.7422209882261341
739	25.0	28.0	0.729026782157416
1047	25.0	6.0	0.6986917687878423
1071	25.0	29.0	0.6971482337947736
299	24.0	7.0	0.8037076636592789
688	24.0	21.0	0.7350451440462241
915	24.0	58.0	0.7105555130266071
931	24.0	64.0	0.7096377789461426
950	24.0	3.0	0.7075300717250184
1023	24.0	89.0	0.7012520916115689
1045	24.0	1.0	0.6988278069049572
1096	24.0	40.0	0.695047206414956
1110	24.0	87.0	0.6931765579093349
1161	24.0	83.0	0.6902175853184918
78	27.0	54.0	0.887103878841849
96	27.0	5.0	0.8759645284235443
161	27.0	18.0	0.8403984936088864
355	27.0	74.0	0.7900568080697863
430	27.0	23.0	0.7729393883503338
475	27.0	13.0	0.7652068306801469
517	27.0	59.0	0.756258121582839
644	27.0	29.0	0.7397005633323286
787	27.0	84.0	0.7242114395952148
815	27.0	88.0	0.7200862718674687
43	26.0	68.0	0.9134077542314802
60	26.0	76.0	0.8963674000724906
124	26.0	99.0	0.8566180297415225
139	26.0	56.0	0.8475490369985139
146	26.0	39.0	0.8444000172143549
173	26.0	96.0	0.837860220013277
263	26.0	95.0	0.8080005650298291
305	26.0	18.0	0.8021563701494152
334	26.0	66.0	0.7951194356209589
471	26.0	97.0	0.7655050456928547
46	29.0	36.0	0.9100979469531929
74	29.0	56.0	0.8896084585674258
87	29.0	53.0	0.8831302041594624
295	29.0	64.0	0.8040261765352654
351	29.0	0.0	0.7906838726788827
356	29.0	13.0	0.7899477962299862
631	29.0	85.0	0.7405280974724454
633	29.0	93.0	0.7403032225585062
645	29.0	27.0	0.7397005633323286
709	29.0	46.0	0.732279804001935
1	28.0	91.0	0.9912944010951623
50	28.0	74.0	0.907346581108236
130	28.0	20.0	0.8536674923032467
283	28.0	16.0	0.8050349069045494
491	28.0	43.0	0.7613305827882044
578	28.0	54.0	0.7466774345107947
594	28.0	7.0	0.74357240630692
738	28.0	25.0	0.729026782157416
836	28.0	60.0	0.7184866995703005
872	28.0	18.0	0.714112082216193
151	31.0	81.0	0.8436614991164129
270	31.0	8.0	0.8073060130638128
273	31.0	47.0	0.8070479296291085
287	31.0	48.0	0.8048561603840091
292	31.0	6.0	0.8041768018570298
323	31.0	76.0	0.7975626723325264
341	31.0	63.0	0.79316167157322
593	31.0	14.0	0.7439407741275614
625	31.0	97.0	0.7414514593480764
911	31.0	17.0	0.7107579087997719
274	30.0	53.0	0.806733654747781
284	30.0	64.0	0.804934162796566
296	30.0	86.0	0.8039392513356073
410	30.0	89.0	0.776788715081332
467	30.0	82.0	0.7665776490251869
715	30.0	10.0	0.7316097689318544
834	30.0	91.0	0.7187539360105554
1020	30.0	67.0	0.701350772275563
1029	30.0	21.0	0.7004790117610112
1109	30.0	29.0	0.693180510378645
157	34.0	4.0	0.8417363469547725
253	34.0	10.0	0.8124516192469473
384	34.0	71.0	0.7813713428025226
672	34.0	7.0	0.7368631646569626
973	34.0	9.0	0.7058560743447337
984	34.0	77.0	0.7047035022164927
1100	34.0	57.0	0.6944099275306641
1137	34.0	8.0	0.6911453770267857
1183	34.0	44.0	0.6891611629206498
1272	34.0	5.0	0.6813372124241301
62	35.0	5.0	0.8948031698803783
540	35.0	47.0	0.7521143505351953
779	35.0	51.0	0.7246413578815619
929	35.0	86.0	0.709667043107341
995	35.0	77.0	0.7038894448937023
1037	35.0	3.0	0.69939790124614
1083	35.0	29.0	0.6962577693368053
1134	35.0	12.0	0.6911685759645165
1187	35.0	64.0	0.6890916976008495
1373	35.0	74.0	0.6737044905453102
76	32.0	69.0	0.8882329326824742
119	32.0	93.0	0.8606150565703603
177	32.0	74.0	0.8371972959169189
192	32.0	40.0	0.8299045096441622
220	32.0	91.0	0.8220739141752705
497	32.0	14.0	0.7599308422375304
585	32.0	71.0	0.7451125211117617
707	32.0	15.0	0.7326741034545314
886	32.0	7.0	0.7127692093771688
904	32.0	85.0	0.7110398048793263
69	33.0	45.0	0.8902769013483912
110	33.0	93.0	0.8684506618764712
134	33.0	89.0	0.8513279095051537
276	33.0	6.0	0.8066840666014604
307	33.0	90.0	0.801891227123166
498	33.0	41.0	0.7588384124184261
608	33.0	73.0	0.7422853767149666
810	33.0	71.0	0.7207129001407523
939	33.0	17.0	0.7085644899771335
1121	33.0	9.0	0.6925930338797015
182	38.0	50.0	0.8345835838376698
539	38.0	67.0	0.7522251675114741
572	38.0	79.0	0.7472146769812227
801	38.0	29.0	0.7211511096525678
807	38.0	80.0	0.7208637601151004
901	38.0	89.0	0.7120176177826192
1313	38.0	57.0	0.6790052714377309
1331	38.0	53.0	0.6767714928018905
1578	38.0	86.0	0.6586105337179062
1600	38.0	59.0	0.6569798062417204
147	39.0	26.0	0.8444000172143549
436	39.0	79.0	0.7721599332605377
461	39.0	63.0	0.7673434271973626
530	39.0	88.0	0.7534386647576623
589	39.0	61.0	0.7440918866972308
726	39.0	80.0	0.7305882009241521
802	39.0	64.0	0.7211264525638703
850	39.0	43.0	0.7169891703584049
909	39.0	16.0	0.7107770058139768
1154	39.0	70.0	0.6903733416501211
41	36.0	75.0	0.9155842118090055
47	36.0	29.0	0.9100979469531929
370	36.0	94.0	0.7859029421518593
856	36.0	48.0	0.7160390730300392
956	36.0	0.0	0.7069341288952106
1103	36.0	61.0	0.6942463317873997
1462	36.0	77.0	0.666976132064502
1472	36.0	69.0	0.6662054122779613
1732	36.0	13.0	0.6476757167732808
1832	36.0	26.0	0.6403238035320353
179	37.0	8.0	0.8369194012056577
488	37.0	41.0	0.7620617579743449
493	37.0	3.0	0.7599582150574967
526	37.0	25.0	0.7545028002098306
722	37.0	58.0	0.7310490552034649
839	37.0	4.0	0.7183807744123852
874	37.0	10.0	0.7140324261550522
1217	37.0	6.0	0.6868635237964208
1302	37.0	63.0	0.6794146117354207
1329	37.0	42.0	0.677108156175453
202	42.0	86.0	0.8284862268632686
311	42.0	88.0	0.8006945505036294
361	42.0	13.0	0.7896598998092179
454	42.0	87.0	0.7679142373643564
564	42.0	45.0	0.7477062869891997
658	42.0	43.0	0.7382087218738296
764	42.0	46.0	0.7259755052079864
946	42.0	90.0	0.7076965322320423
1055	42.0	31.0	0.697995744991203
1292	42.0	59.0	0.6799431112609976
106	43.0	96.0	0.8702808213576229
207	43.0	25.0	0.8269512170782886
344	43.0	6.0	0.7922164864751209
407	43.0	53.0	0.7769285070037301
484	43.0	40.0	0.7621507822188988
490	43.0	28.0	0.7613305827882044
512	43.0	9.0	0.7563775937111823
567	43.0	99.0	0.7475946629880227
659	43.0	42.0	0.7382087218738296
818	43.0	41.0	0.7200612191019446
4	40.0	22.0	0.9638688858648293
26	40.0	12.0	0.9271647153220987
67	40.0	90.0	0.8908239384560214
99	40.0	68.0	0.8748921145456472
193	40.0	32.0	0.8299045096441622
362	40.0	49.0	0.7893256300659951
401	40.0	74.0	0.778028626250598
485	40.0	43.0	0.7621507822188988
600	40.0	83.0	0.7433705715875565
656	40.0	52.0	0.7382742429547736
102	41.0	3.0	0.8743999561947972
187	41.0	63.0	0.8311279858911034
209	41.0	92.0	0.825335786845659
247	41.0	14.0	0.8132569532950171
256	41.0	61.0	0.8118623229047839
489	41.0	37.0	0.7620617579743449
499	41.0	33.0	0.7588384124184261
570	41.0	81.0	0.7474483646378882
758	41.0	51.0	0.7266821760032478
819	41.0	43.0	0.7200612191019446
302	46.0	2.0	0.8021770486095725
399	46.0	76.0	0.7794587871170535
605	46.0	96.0	0.7427027972267644
692	46.0	11.0	0.7349440355985549
708	46.0	29.0	0.732279804001935
765	46.0	42.0	0.7259755052079864
959	46.0	14.0	0.7069156798503644
1151	46.0	51.0	0.6905422219212628
1210	46.0	19.0	0.6872275931063495
1245	46.0	28.0	0.6842582169643701
8	47.0	86.0	0.9605283001902858
14	47.0	92.0	0.9553878545663725
17	47.0	8.0	0.9459684517897605
82	47.0	82.0	0.8853096831660529
225	47.0	68.0	0.820925526322422
272	47.0	31.0	0.8070479296291085
397	47.0	49.0	0.780396852330132
424	47.0	80.0	0.7736336679483214
439	47.0	57.0	0.7704175489768089
541	47.0	35.0	0.7521143505351953
248	44.0	81.0	0.8131572346564937
269	44.0	54.0	0.807576461825163
353	44.0	74.0	0.7904783412240902
561	44.0	79.0	0.748372705075673
882	44.0	92.0	0.7129034383518023
895	44.0	47.0	0.712318602334697
1016	44.0	29.0	0.7017732217314574
1030	44.0	18.0	0.6999832913822323
1035	44.0	67.0	0.6998366375876213
1065	44.0	28.0	0.6976119784490669
3	45.0	53.0	0.9848130370948084
68	45.0	33.0	0.8902769013483912
129	45.0	71.0	0.8547301059942641
235	45.0	76.0	0.8160916796224706
405	45.0	11.0	0.7776787024869327
565	45.0	42.0	0.7477062869891997
1175	45.0	63.0	0.6894754701138541
1193	45.0	19.0	0.6885425855911556
1250	45.0	70.0	0.6833189993282398
1322	45.0	25.0	0.6781619704026506
243	51.0	14.0	0.8139152001901714
382	51.0	99.0	0.7820963255767593
510	51.0	98.0	0.7565623654708421
642	51.0	70.0	0.7399108592001026
667	51.0	7.0	0.7374508522329707
679	51.0	15.0	0.7359367491965292
704	51.0	63.0	0.73327361227969
759	51.0	41.0	0.7266821760032478
778	51.0	35.0	0.7246413578815619
782	51.0	52.0	0.7243180962978739
35	50.0	86.0	0.9227620509433729
73	50.0	48.0	0.889739593089192
183	50.0	38.0	0.8345835838376698
191	50.0	22.0	0.830457531342083
227	50.0	10.0	0.820031915864898
359	50.0	8.0	0.7897006750634069
368	50.0	5.0	0.7867716821937663
375	50.0	91.0	0.7852362605541444
462	50.0	21.0	0.7670674151869713
472	50.0	4.0	0.7652254077382643
155	49.0	97.0	0.842017342593011
363	49.0	40.0	0.7893256300659951
396	49.0	47.0	0.780396852330132
767	49.0	53.0	0.7253500215704334
970	49.0	74.0	0.7059410841154117
1141	49.0	58.0	0.6910169307486489
1342	49.0	16.0	0.6761431128113279
1383	49.0	13.0	0.673364993074948
1544	49.0	64.0	0.6608747591419808
1632	49.0	14.0	0.6546572364665958
72	48.0	50.0	0.889739593089192
162	48.0	10.0	0.8402087602828942
286	48.0	31.0	0.8048561603840091
324	48.0	81.0	0.7966660486700041
427	48.0	91.0	0.7736336082587681
459	48.0	4.0	0.7677629457476994
636	48.0	12.0	0.740190023431591
638	48.0	74.0	0.7401425360022433
691	48.0	72.0	0.7349805219543488
808	48.0	62.0	0.7208216020210934
428	55.0	2.0	0.7731090815259926
861	55.0	4.0	0.7159293710561503
1068	55.0	58.0	0.6974435412408856
1105	55.0	27.0	0.6941440726250888
1267	55.0	73.0	0.6817138957092256
1494	55.0	68.0	0.6643536164229223
1504	55.0	61.0	0.6638736542135232
1517	55.0	50.0	0.6631823759712481
1625	55.0	41.0	0.6551057885939247
1668	55.0	88.0	0.652199524006434
79	54.0	27.0	0.887103878841849
268	54.0	44.0	0.807576461825163
343	54.0	89.0	0.7923593581518127
432	54.0	69.0	0.7725263790388319
579	54.0	28.0	0.7466774345107947
1219	54.0	74.0	0.6865615067650414
1232	54.0	9.0	0.685378046131709
1265	54.0	14.0	0.6819766613142403
1274	54.0	13.0	0.6813331229852496
1441	54.0	15.0	0.6691067588756764
2	53.0	45.0	0.9848130370948084
86	53.0	29.0	0.8831302041594624
169	53.0	63.0	0.8382241180596554
275	53.0	30.0	0.806733654747781
381	53.0	84.0	0.7823367717498356
406	53.0	43.0	0.7769285070037301
408	53.0	62.0	0.7768580485557232
550	53.0	25.0	0.7497491066488944
569	53.0	66.0	0.7475694874250146
766	53.0	49.0	0.7253500215704334
259	52.0	9.0	0.8094828473949354
480	52.0	56.0	0.7629232809880705
657	52.0	40.0	0.7382742429547736
687	52.0	97.0	0.7351315336630467
716	52.0	71.0	0.7315480405844486
783	52.0	51.0	0.7243180962978739
893	52.0	22.0	0.7125384212840952
1147	52.0	50.0	0.6905993014527059
1309	52.0	25.0	0.6792380010070936
1451	52.0	37.0	0.66819018300073
159	59.0	56.0	0.8404980973769581
516	59.0	27.0	0.756258121582839
629	59.0	93.0	0.7405652327707617
855	59.0	43.0	0.7162388263459356
1062	59.0	29.0	0.69764404323048
1200	59.0	2.0	0.6877795482122248
1203	59.0	65.0	0.6876221298329465
1276	59.0	77.0	0.681208504296662
1293	59.0	42.0	0.6799431112609976
1346	59.0	47.0	0.6759027574669243
597	58.0	56.0	0.7435115716421823
723	58.0	37.0	0.7310490552034649
828	58.0	1.0	0.7191766895966777
914	58.0	24.0	0.7105555130266071
960	58.0	5.0	0.7064582199310545
992	58.0	12.0	0.7041535670137113
997	58.0	53.0	0.7038448935596666
1069	58.0	55.0	0.6974435412408856
1078	58.0	85.0	0.6963995664325777
1140	58.0	49.0	0.6910169307486489
117	57.0	73.0	0.8623227274809465
148	57.0	98.0	0.8441837967066321
230	57.0	69.0	0.8185317372278442
266	57.0	19.0	0.8076453609688151
438	57.0	47.0	0.7704175489768089
785	57.0	66.0	0.7242234288729623
793	57.0	96.0	0.7238264784555691
917	57.0	17.0	0.7104943705345071
952	57.0	71.0	0.7074324400134411
1101	57.0	34.0	0.6944099275306641
75	56.0	29.0	0.8896084585674258
109	56.0	79.0	0.8689322408832852
138	56.0	26.0	0.8475490369985139
158	56.0	59.0	0.8404980973769581
442	56.0	75.0	0.7700854119111076
481	56.0	52.0	0.7629232809880705
486	56.0	76.0	0.7620828712665654
596	56.0	58.0	0.7435115716421823
618	56.0	96.0	0.7419180335552271
649	56.0	66.0	0.7392624961115604
168	63.0	53.0	0.8382241180596554
186	63.0	41.0	0.8311279858911034
197	63.0	92.0	0.8286904299834634
340	63.0	31.0	0.79316167157322
460	63.0	39.0	0.7673434271973626
495	63.0	6.0	0.7599377723242812
563	63.0	71.0	0.7483633921994753
664	63.0	69.0	0.7376675754606965
705	63.0	51.0	0.73327361227969
1088	63.0	73.0	0.6954615139398177
204	62.0	10.0	0.8272651018714186
213	62.0	97.0	0.8227080490229725
331	62.0	3.0	0.7959111939064172
366	62.0	60.0	0.7883892241590665
409	62.0	53.0	0.7768580485557232
710	62.0	16.0	0.7320760692218419
718	62.0	70.0	0.7313704015611895
809	62.0	48.0	0.7208216020210934
1113	62.0	82.0	0.692979177752734
1646	62.0	89.0	0.6538681062987566
254	61.0	64.0	0.8122233098013323
257	61.0	41.0	0.8118623229047839
264	61.0	14.0	0.8076945683438422
301	61.0	1.0	0.8029309147945355
446	61.0	93.0	0.769631646213541
588	61.0	39.0	0.7440918866972308
626	61.0	7.0	0.7408601308797761
862	61.0	81.0	0.7157295358491107
1006	61.0	16.0	0.7033768482805952
1058	61.0	20.0	0.6979116558893064
367	60.0	62.0	0.7883892241590665
402	60.0	0.0	0.7779716947179574
611	60.0	25.0	0.7422209882261341
837	60.0	28.0	0.7184866995703005
1220	60.0	14.0	0.6865236870461534
1305	60.0	98.0	0.6792979656766727
1592	60.0	71.0	0.6574853815422776
1830	60.0	29.0	0.640331268089099
1893	60.0	79.0	0.6366000507662726
2019	60.0	21.0	0.6292690289610275
42	68.0	26.0	0.9134077542314802
58	68.0	92.0	0.8979256922809091
98	68.0	40.0	0.8748921145456472
166	68.0	83.0	0.8393112549610259
216	68.0	73.0	0.8222719761072593
224	68.0	47.0	0.820925526322422
701	68.0	70.0	0.7335922541650294
913	68.0	7.0	0.7106569093542943
974	68.0	18.0	0.7058380296514117
998	68.0	43.0	0.7037617244819316
22	69.0	3.0	0.9326489573126613
77	69.0	32.0	0.8882329326824742
113	69.0	64.0	0.8681006241673055
137	69.0	70.0	0.8484984328632003
231	69.0	57.0	0.8185317372278442
318	69.0	92.0	0.7983620576472262
433	69.0	54.0	0.7725263790388319
478	69.0	4.0	0.7647422965664412
520	69.0	25.0	0.7557543900080846
612	69.0	23.0	0.7420261148110898
136	70.0	69.0	0.8484984328632003
250	70.0	2.0	0.8124569336643849
386	70.0	81.0	0.7813389148597052
388	70.0	73.0	0.7808583583601446
434	70.0	15.0	0.7723747614337136
643	70.0	51.0	0.7399108592001026
700	70.0	68.0	0.7335922541650294
719	70.0	62.0	0.7313704015611895
749	70.0	99.0	0.7276215561283371
1155	70.0	39.0	0.6903733416501211
91	71.0	22.0	0.8824883621041614
128	71.0	45.0	0.8547301059942641
385	71.0	34.0	0.7813713428025226
451	71.0	16.0	0.7691009782722101
457	71.0	20.0	0.7678756814096849
529	71.0	3.0	0.7542710672127366
562	71.0	63.0	0.7483633921994753
584	71.0	32.0	0.7451125211117617
717	71.0	52.0	0.7315480405844486
811	71.0	33.0	0.7207129001407523
101	64.0	74.0	0.8744427420241444
112	64.0	69.0	0.8681006241673055
143	64.0	23.0	0.846319351459912
240	64.0	22.0	0.8147251700398976
255	64.0	61.0	0.8122233098013323
285	64.0	30.0	0.804934162796566
294	64.0	29.0	0.8040261765352654
365	64.0	7.0	0.7884879359304959
728	64.0	98.0	0.7305791294779267
794	64.0	96.0	0.723070600760791
13	65.0	85.0	0.9561751633671504
468	65.0	19.0	0.7660973750691239
536	65.0	13.0	0.7522513749655212
733	65.0	23.0	0.7302495749810041
768	65.0	8.0	0.7252175278489593
849	65.0	9.0	0.7175595556340807
871	65.0	4.0	0.7143410908365606
1188	65.0	56.0	0.6889441255861173
1202	65.0	59.0	0.6876221298329465
1223	65.0	69.0	0.6865159664260583
195	66.0	77.0	0.8296309598126828
215	66.0	97.0	0.822350846942353
335	66.0	26.0	0.7951194356209589
440	66.0	73.0	0.7703569681727195
568	66.0	53.0	0.7475694874250146
648	66.0	56.0	0.7392624961115604
682	66.0	98.0	0.7357304010133815
784	66.0	57.0	0.7242234288729623
1431	66.0	84.0	0.6693421726066865
1686	66.0	32.0	0.6512986965354726
84	67.0	88.0	0.8848403919322703
95	67.0	78.0	0.8762280598953455
395	67.0	74.0	0.780425725087701
534	67.0	86.0	0.7532471818722382
538	67.0	38.0	0.7522251675114741
587	67.0	50.0	0.7443613218358683
775	67.0	29.0	0.725066693923957
876	67.0	51.0	0.713609514300543
966	67.0	64.0	0.7060279431618703
1021	67.0	30.0	0.701350772275563
10	76.0	12.0	0.9586708577660839
61	76.0	26.0	0.8963674000724906
234	76.0	45.0	0.8160916796224706
322	76.0	31.0	0.7975626723325264
398	76.0	46.0	0.7794587871170535
487	76.0	56.0	0.7620828712665654
660	76.0	9.0	0.7381555957060315
675	76.0	80.0	0.7363896598488053
680	76.0	21.0	0.7357691261201339
730	76.0	90.0	0.7303899949293864
121	77.0	80.0	0.8600080532028445
194	77.0	66.0	0.8296309598126828
312	77.0	73.0	0.7999498695866527
412	77.0	13.0	0.7760361937489728
500	77.0	3.0	0.7580216586470645
713	77.0	69.0	0.7317749852766672
763	77.0	81.0	0.7260318779304548
853	77.0	92.0	0.7166643922174732
865	77.0	29.0	0.7153395861409036
985	77.0	34.0	0.7047035022164927
94	78.0	67.0	0.8762280598953455
423	78.0	5.0	0.7737137904691405
743	78.0	72.0	0.7287416640854019
918	78.0	29.0	0.7104642922687039
926	78.0	73.0	0.7101387419926541
963	78.0	4.0	0.7064498597193771
1224	78.0	10.0	0.6863888896267892
1477	78.0	59.0	0.6659934743274317
1966	78.0	20.0	0.6326728423513042
2220	78.0	75.0	0.6167792395814181
108	79.0	56.0	0.8689322408832852
133	79.0	88.0	0.8524733103046592
184	79.0	93.0	0.8319600838409393
308	79.0	3.0	0.8015163490586407
376	79.0	2.0	0.7838813390677131
437	79.0	39.0	0.7721599332605377
560	79.0	44.0	0.748372705075673
573	79.0	38.0	0.7472146769812227
641	79.0	19.0	0.7399335095131512
756	79.0	21.0	0.726785570911757
93	72.0	80.0	0.8804190311774732
317	72.0	20.0	0.7986706325298755
349	72.0	97.0	0.7915663722832594
390	72.0	91.0	0.780846660271733
635	72.0	47.0	0.7402617155150784
690	72.0	48.0	0.7349805219543488
742	72.0	78.0	0.7287416640854019
747	72.0	99.0	0.7278418067051174
773	72.0	98.0	0.7250817751928726
845	72.0	56.0	0.717620958436638
70	73.0	8.0	0.890026010326287
115	73.0	11.0	0.8670154643465097
116	73.0	57.0	0.8623227274809465
217	73.0	68.0	0.8222719761072593
313	73.0	77.0	0.7999498695866527
389	73.0	70.0	0.7808583583601446
441	73.0	66.0	0.7703569681727195
515	73.0	86.0	0.7563250739020974
558	73.0	18.0	0.7484781394476809
609	73.0	33.0	0.7422853767149666
7	74.0	81.0	0.9619893631420957
51	74.0	28.0	0.907346581108236
100	74.0	64.0	0.8744427420241444
170	74.0	93.0	0.8379323339641807
176	74.0	32.0	0.8371972959169189
198	74.0	19.0	0.8286561208706444
244	74.0	86.0	0.8136730977483535
352	74.0	44.0	0.7904783412240902
354	74.0	27.0	0.7900568080697863
394	74.0	67.0	0.780425725087701
40	75.0	36.0	0.9155842118090055
65	75.0	4.0	0.8935166344489344
164	75.0	14.0	0.8399773450580329
443	75.0	56.0	0.7700854119111076
614	75.0	23.0	0.7419702753564207
816	75.0	9.0	0.7200742431835627
976	75.0	93.0	0.7058090856069685
1117	75.0	12.0	0.6927978500208621
1149	75.0	22.0	0.6905554731044803
1351	75.0	47.0	0.6758083438816407
12	85.0	65.0	0.9561751633671504
32	85.0	14.0	0.9236073762030211
105	85.0	99.0	0.871268988332997
547	85.0	74.0	0.751132631530276
590	85.0	96.0	0.7439795259651644
630	85.0	29.0	0.7405280974724454
663	85.0	3.0	0.7376895100619133
724	85.0	5.0	0.7307314907425121
905	85.0	32.0	0.7110398048793263
1079	85.0	58.0	0.6963995664325777
229	84.0	14.0	0.819408869334576
321	84.0	87.0	0.7978992855218908
380	84.0	53.0	0.7823367717498356
786	84.0	27.0	0.7242114395952148
833	84.0	41.0	0.7188763803402677
899	84.0	86.0	0.7122404395978663
906	84.0	83.0	0.7108126748796977
934	84.0	50.0	0.7095346973881124
949	84.0	21.0	0.7076125079177408
955	84.0	89.0	0.7073484427357858
280	87.0	21.0	0.8054766980819221
320	87.0	84.0	0.7978992855218908
455	87.0	42.0	0.7679142373643564
509	87.0	50.0	0.7568408058329009
847	87.0	56.0	0.7176166702270217
1077	87.0	81.0	0.6964369965316883
1111	87.0	24.0	0.6931765579093349
1212	87.0	31.0	0.6872048454183178
1356	87.0	61.0	0.6751624767054897
1358	87.0	53.0	0.6751167090137701
9	86.0	47.0	0.9605283001902858
34	86.0	50.0	0.9227620509433729
44	86.0	10.0	0.9133765573361862
203	86.0	42.0	0.8284862268632686
245	86.0	74.0	0.8136730977483535
297	86.0	30.0	0.8039392513356073
514	86.0	73.0	0.7563250739020974
535	86.0	67.0	0.7532471818722382
574	86.0	23.0	0.7470952583535854
646	86.0	1.0	0.7392778651324629
6	81.0	74.0	0.9619893631420957
150	81.0	31.0	0.8436614991164129
249	81.0	44.0	0.8131572346564937
325	81.0	48.0	0.7966660486700041
387	81.0	70.0	0.7813389148597052
571	81.0	41.0	0.7474483646378882
703	81.0	73.0	0.7335529244291802
752	81.0	6.0	0.7269186097365189
762	81.0	77.0	0.7260318779304548
770	81.0	23.0	0.7251133021478476
92	80.0	72.0	0.8804190311774732
120	80.0	77.0	0.8600080532028445
237	80.0	16.0	0.8152803531891337
420	80.0	5.0	0.7748741986915413
425	80.0	47.0	0.7736336679483214
449	80.0	93.0	0.7693683787633496
557	80.0	22.0	0.7485326138401623
674	80.0	76.0	0.7363896598488053
727	80.0	39.0	0.7305882009241521
754	80.0	1.0	0.7268210164390716
167	83.0	68.0	0.8393112549610259
346	83.0	18.0	0.7916436013057415
476	83.0	96.0	0.7648692494096663
545	83.0	88.0	0.7511870133247854
601	83.0	40.0	0.7433705715875565
789	83.0	98.0	0.7240381187512195
907	83.0	84.0	0.7108126748796977
1115	83.0	10.0	0.6928004019699417
1139	83.0	2.0	0.6910584478343345
1160	83.0	24.0	0.6902175853184918
83	82.0	47.0	0.8853096831660529
88	82.0	5.0	0.8830470320338498
466	82.0	30.0	0.7665776490251869
781	82.0	26.0	0.7245747002550085
821	82.0	80.0	0.7200067765662576
827	82.0	93.0	0.7195987713334228
987	82.0	3.0	0.7046789811328528
1004	82.0	84.0	0.7035293363989026
1066	82.0	23.0	0.6975742131731768
1112	82.0	62.0	0.692979177752734
20	93.0	98.0	0.9331069178725626
39	93.0	96.0	0.9186731894222987
111	93.0	33.0	0.8684506618764712
118	93.0	32.0	0.8606150565703603
171	93.0	74.0	0.8379323339641807
185	93.0	79.0	0.8319600838409393
329	93.0	2.0	0.7964043581623371
379	93.0	95.0	0.7827468358519899
447	93.0	61.0	0.769631646213541
448	93.0	80.0	0.7693683787633496
15	92.0	47.0	0.9553878545663725
59	92.0	68.0	0.8979256922809091
81	92.0	98.0	0.8863567341321058
181	92.0	91.0	0.8347291561923676
196	92.0	63.0	0.8286904299834634
208	92.0	41.0	0.825335786845659
319	92.0	69.0	0.7983620576472262
336	92.0	95.0	0.7938670855373556
852	92.0	77.0	0.7166643922174732
883	92.0	44.0	0.7129034383518023
19	95.0	23.0	0.9430621786631671
31	95.0	90.0	0.9239840329709069
262	95.0	26.0	0.8080005650298291
337	95.0	92.0	0.7938670855373556
339	95.0	13.0	0.7934130874275629
378	95.0	93.0	0.7827468358519899
417	95.0	88.0	0.7759334818477902
868	95.0	98.0	0.7145102711393434
921	95.0	16.0	0.710353476956233
923	95.0	53.0	0.7102916981634118
28	94.0	0.0	0.9242897948335989
126	94.0	5.0	0.8551360629294091
200	94.0	10.0	0.8284986692958832
333	94.0	18.0	0.7952714672458692
371	94.0	36.0	0.7859029421518593
554	94.0	1.0	0.7495449177540023
1042	94.0	73.0	0.6988968916282158
1129	94.0	89.0	0.6920076776941236
1178	94.0	22.0	0.6894050098841357
1197	94.0	57.0	0.6882625879476657
36	89.0	18.0	0.9209489405434633
57	89.0	88.0	0.9032730155787799
135	89.0	33.0	0.8513279095051537
152	89.0	9.0	0.8436270177073831
279	89.0	7.0	0.8055697387582739
315	89.0	4.0	0.7989606451946238
342	89.0	54.0	0.7923593581518127
411	89.0	30.0	0.776788715081332
533	89.0	93.0	0.7533936997207225
805	89.0	23.0	0.7210200360588839
56	88.0	89.0	0.9032730155787799
85	88.0	67.0	0.8848403919322703
132	88.0	79.0	0.8524733103046592
174	88.0	3.0	0.8374887903690593
310	88.0	42.0	0.8006945505036294
416	88.0	95.0	0.7759334818477902
505	88.0	93.0	0.7578509296775473
531	88.0	39.0	0.7534386647576623
544	88.0	83.0	0.7511870133247854
668	88.0	4.0	0.7370529891352245
0	91.0	28.0	0.9912944010951623
180	91.0	92.0	0.8347291561923676
221	91.0	32.0	0.8220739141752705
374	91.0	50.0	0.7852362605541444
391	91.0	72.0	0.780846660271733
426	91.0	48.0	0.7736336082587681
444	91.0	99.0	0.7697443089626859
616	91.0	4.0	0.7419498411100104
653	91.0	6.0	0.7387910814433191
835	91.0	30.0	0.7187539360105554
30	90.0	95.0	0.9239840329709069
66	90.0	40.0	0.8908239384560214
306	90.0	33.0	0.801891227123166
465	90.0	8.0	0.7666295155628333
731	90.0	76.0	0.7303899949293864
947	90.0	42.0	0.7076965322320423
1053	90.0	27.0	0.69819931235557
1119	90.0	14.0	0.692627373014641
1239	90.0	21.0	0.6846087580592298
1665	90.0	18.0	0.6524266399187085
21	98.0	93.0	0.9331069178725626
80	98.0	92.0	0.8863567341321058
149	98.0	57.0	0.8441837967066321
218	98.0	5.0	0.8222646614577812
511	98.0	51.0	0.7565623654708421
581	98.0	74.0	0.7466104287772924
620	98.0	50.0	0.7418106227805109
683	98.0	66.0	0.7357304010133815
695	98.0	6.0	0.7349401678245501
729	98.0	64.0	0.7305791294779267
49	99.0	20.0	0.9081407825832277
104	99.0	85.0	0.871268988332997
125	99.0	26.0	0.8566180297415225
211	99.0	16.0	0.8244972588707434
232	99.0	3.0	0.8170179002363467
288	99.0	25.0	0.8048316020650871
383	99.0	51.0	0.7820963255767593
445	99.0	91.0	0.7697443089626859
566	99.0	43.0	0.7475946629880227
650	99.0	97.0	0.7389679632644831
38	96.0	93.0	0.9186731894222987
107	96.0	43.0	0.8702808213576229
172	96.0	26.0	0.837860220013277
477	96.0	83.0	0.7648692494096663
518	96.0	10.0	0.7558600933578097
582	96.0	47.0	0.7459980071862696
591	96.0	85.0	0.7439795259651644
604	96.0	46.0	0.7427027972267644
619	96.0	56.0	0.7419180335552271
751	96.0	2.0	0.72751438366369
154	97.0	49.0	0.842017342593011
212	97.0	62.0	0.8227080490229725
214	97.0	66.0	0.822350846942353
348	97.0	72.0	0.7915663722832594
470	97.0	26.0	0.7655050456928547
548	97.0	2.0	0.7502912853858686
624	97.0	31.0	0.7414514593480764
651	97.0	99.0	0.7389679632644831
686	97.0	52.0	0.7351315336630467
735	97.0	13.0	0.729909142730465
